id,first_name
1,Marcia
2,Baudoin
3,Erasmus
4,Miguel
5,Emilie
6,Kenyon
7,Hamlen
8,Fulton
9,Zacharia
10,Arlene
11,Paige
12,Carmina
13,Tabbatha
14,Jandy
15,Roth
16,Anabella
17,Biddie
18,Eleni
19,Sacha
20,Clayborn
21,Scarface
22,Kai
23,Flory
24,Heath
25,Anissa
26,Ad
27,Briggs
28,Antonietta
29,Tiffie
30,Deeanne
31,Dorthy
32,Hall
33,Yolane
34,Bjorn
35,Carmella
36,Kerry
37,Tanitansy
38,Anthiathia
39,Mia
40,Shea
41,Lorant
42,Obed
43,Yurik
44,Leonanie
45,Beck
46,Mar
47,Hendrika
48,Bennett
49,Denice
50,Marianna
51,Arne
52,Barbee
53,Sauncho
54,Tobye
55,Roderic
56,Derry
57,Adolpho
58,Tedd
59,Sarajane
60,Cesare
61,Adiana
62,Sabine
63,Marshal
64,Antonietta
65,Krissy
66,Giulietta
67,Lindsay
68,Tyson
69,Homerus
70,Othilia
71,Agnella
72,Esteban
73,Sim
74,Salome
75,Nicol
76,Gwenni
77,Frazer
78,Dunstan
79,Skye
80,Nadiya
81,Barbara-anne
82,Reinald
83,Sayer
84,Talbot
85,Maddie
86,Thalia
87,Jammie
88,Tonie
89,Pebrook
90,Karly
91,Harper
92,Fulvia
93,Maxie
94,Britte
95,Raphaela
96,Marie-ann
97,Marijn
98,Torre
99,Sammy
100,Joyann
101,Kirstyn
102,Robina
103,Antone
104,Calhoun
105,Lin
106,Vivianna
107,Luigi
108,Onofredo
109,Chloette
110,Correy
111,Chan
112,Brandi
113,Mollee
114,Devin
115,Stacee
116,Tristam
117,Gretal
118,Erl
119,Berne
120,Wenonah
121,Meade
122,Joyous
123,Raven
124,Derick
125,Consuelo
126,Pavia
127,Candie
128,Constantia
129,Drusilla
130,Rebbecca
131,Malcolm
132,Terrell
133,Jaynell
134,Erskine
135,Erhard
136,Osgood
137,Joannes
138,Jerrie
139,Trixy
140,Aldwin
141,Abagail
142,Donnie
143,Karole
144,Barney
145,Rebecca
146,Niko
147,Denni
148,Babbette
149,Marrilee
150,Pippo
151,Dukie
152,Marcelo
153,Carmelina
154,Rosetta
155,Margie
156,Rafa
157,Phyllis
158,Terra
159,Marya
160,Seward
161,Ardith
162,Hernando
163,Tonie
164,Cassondra
165,Barnie
166,Myrlene
167,Hamish
168,Arnold
169,Hannie
170,Dalt
171,Krystal
172,Annetta
173,Aguste
174,Gilda
175,Barris
176,Terrye
177,Courtnay
178,Wilie
179,Vida
180,Roxanne
181,Domeniga
182,Chane
183,Lucita
184,Lainey
185,Claudetta
186,Adaline
187,Thomasine
188,Dennet
189,Candida
190,Berny
191,Marget
192,Franklin
193,Wiley
194,Alvinia
195,Izaak
196,Darrick
197,Ashil
198,Pearce
199,Ruthann
200,Pate
201,Brynne
202,Stu
203,Claudian
204,Abram
205,Raphaela
206,Vaughan
207,Trip
208,Lacee
209,Shanie
210,Erinna
211,Desmond
212,Archambault
213,Sal
214,Parke
215,Randi
216,Matt
217,Brady
218,Durand
219,La verne
220,Lazare
221,Griswold
222,Conrad
223,Gene
224,Pepillo
225,Elwood
226,Lorenza
227,Catie
228,Maddie
229,Charo
230,Harriott
231,Esme
232,Toiboid
233,Margarita
234,Thedric
235,Indira
236,Emelen
237,Cross
238,Eugenius
239,Rowan
240,Jarvis
241,Red
242,Alena
243,Carlota
244,Chrystal
245,Danie
246,Darda
247,Adel
248,Angelica
249,Shaylynn
250,Rhoda
251,Townie
252,Lynea
253,Waverley
254,Aimee
255,Yurik
256,Ameline
257,Marmaduke
258,June
259,Vitia
260,Stanly
261,Fonsie
262,Adella
263,Harper
264,Llywellyn
265,Rutter
266,Petra
267,Cam
268,Iago
269,Dalton
270,Tallulah
271,Merrilee
272,Herve
273,Orsa
274,Blayne
275,Nerissa
276,Jeramie
277,Tabbatha
278,Clementine
279,Yvor
280,Wat
281,Rebecka
282,Miguela
283,Rourke
284,Pavlov
285,Susannah
286,Fairlie
287,Flore
288,Catriona
289,Bethena
290,Teena
291,Tobie
292,Kalli
293,Merrie
294,Manolo
295,Forest
296,Brigida
297,Pippa
298,Garvy
299,Julina
300,Ariel
301,Onfroi
302,Cull
303,Ruddy
304,Gillie
305,Alli
306,Hinda
307,Grace
308,Saundra
309,Brianne
310,Kristopher
311,Tallie
312,Kittie
313,Colby
314,Lincoln
315,Phillipp
316,Naomi
317,Liz
318,Carmel
319,Lazar
320,Kendrick
321,Olive
322,Tadio
323,Mord
324,Luci
325,Loydie
326,Lottie
327,Lay
328,Ottilie
329,Barny
330,Sergeant
331,Birgit
332,Tonia
333,Harmonie
334,Elena
335,Dusty
336,Liz
337,Daune
338,Barnaby
339,Constantin
340,Babita
341,Rodi
342,Anselma
343,Gwyn
344,Shepard
345,Abdul
346,Arlyne
347,Daisi
348,Nicole
349,Imojean
350,Claudian
351,Andres
352,Ilka
353,Garreth
354,Hilde
355,Elsinore
356,Simeon
357,Cori
358,Mal
359,Blayne
360,Missy
361,Brittani
362,Carmine
363,Kally
364,Elliott
365,Corenda
366,Kimberly
367,Fraze
368,Puff
369,Jorry
370,Lev
371,Constantina
372,Anna-diana
373,Luis
374,Britney
375,Jessi
376,Jemmy
377,Cchaddie
378,Fairlie
379,Gabi
380,Tannie
381,Ryun
382,Prissie
383,Charles
384,Thornton
385,Arvie
386,Merry
387,Noach
388,Chan
389,Giuditta
390,Nicolis
391,Wilden
392,Rossy
393,Grantham
394,Nadeen
395,Jewell
396,Corenda
397,Odie
398,Alfredo
399,Orly
400,Lilla
401,Clotilda
402,Penni
403,Pavlov
404,Thornton
405,Almeria
406,Aguistin
407,Johnna
408,Cirstoforo
409,Elinore
410,Ashlie
411,Ogdan
412,Mateo
413,Dilan
414,Guinevere
415,Menard
416,Marcela
417,Chicky
418,Zaria
419,Georgetta
420,Zarla
421,Carmel
422,Bobbette
423,Isacco
424,Ilyssa
425,Vernon
426,Lory
427,Case
428,Lorenzo
429,Binni
430,Gaultiero
431,Larine
432,Timoteo
433,Madlin
434,Olenolin
435,Wilmer
436,Adora
437,Ella
438,Miller
439,Humfried
440,Riva
441,Lesli
442,Pace
443,Hannis
444,Doro
445,Teirtza
446,Hedda
447,Lindy
448,Sharyl
449,Corabella
450,Sidonia
451,Mathe
452,Leo
453,Laney
454,Vevay
455,Moses
456,Ermin
457,Amble
458,Goraud
459,Yvonne
460,William
461,Amanda
462,Deva
463,Ellen
464,Marcella
465,Heinrick
466,Ripley
467,Annetta
468,Sholom
469,Merla
470,Rafael
471,Ulrikaumeko
472,Brant
473,Faulkner
474,Nadine
475,Minnnie
476,Nonna
477,Valencia
478,Toddie
479,Peyter
480,Deva
481,L;urette
482,Adolph
483,Winthrop
484,Whitby
485,Ansley
486,Ulrika
487,Staford
488,Jayme
489,Charis
490,Arlette
491,Dorotea
492,Nicola
493,Margarita
494,Thorin
495,Merry
496,Alexandrina
497,Tan
498,Melisenda
499,Dilan
500,Trudie
501,Lewiss
502,Delinda
503,Alethea
504,Harlie
505,Bradley
506,Timmi
507,Venus
508,Myrwyn
509,Mauricio
510,Cyrillus
511,Drucill
512,Lian
513,Morton
514,Violetta
515,Aidan
516,Halsey
517,Fanny
518,Kacey
519,Durant
520,Hort
521,Lexy
522,Sonja
523,Melania
524,Saraann
525,Mommy
526,Jeannie
527,Forbes
528,Ronda
529,Tricia
530,Staford
531,Rochella
532,Marvin
533,Pamella
534,Florence
535,Dorise
536,Ameline
537,Lucky
538,Joya
539,Burke
540,Hastie
541,Anna-diane
542,Josy
543,Micheil
544,Bernard
545,Kayne
546,Arlena
547,Ignatius
548,Claude
549,Sadye
550,Violet
551,Lilly
552,Walt
553,Casar
554,Ortensia
555,Gamaliel
556,Saunders
557,Letti
558,Felicio
559,Marci
560,Laurence
561,Claudelle
562,Connor
563,Karla
564,Gillie
565,Sheena
566,Patsy
567,Alphard
568,Jeri
569,Andie
570,Theresita
571,Letizia
572,Abeu
573,Golda
574,Alphard
575,Brendon
576,Lissy
577,Emmy
578,Cleopatra
579,Eduardo
580,Verne
581,Nelie
582,Christoforo
583,Federico
584,Tedda
585,Marty
586,Toddy
587,Paco
588,Cassie
589,Tremaine
590,Joni
591,Candie
592,Austin
593,Jocelin
594,Malcolm
595,Jakob
596,Julissa
597,Jacob
598,Raquel
599,Carlie
600,Niel
601,Lexie
602,Dalenna
603,Daryn
604,Demetri
605,Hyman
606,Marysa
607,Chev
608,Simona
609,Bobina
610,Waldon
611,Frasier
612,Marjorie
613,Mateo
614,Jessamyn
615,Hakim
616,Hildegarde
617,Saunders
618,Douglass
619,Haywood
620,Lorette
621,Reena
622,Chickie
623,Janella
624,Mychal
625,Myrtia
626,Josh
627,Kylie
628,Lisbeth
629,Nannie
630,Elianora
631,Daveen
632,Elvina
633,Winni
634,Christen
635,Idell
636,Cobbie
637,Gary
638,Keir
639,Adlai
640,Beltran
641,Ashia
642,Laurella
643,Barn
644,Rhiamon
645,Viviana
646,Finley
647,Emiline
648,Saw
649,Lilla
650,Geralda
651,Celeste
652,Chantal
653,Clary
654,Aksel
655,Fawnia
656,Kirby
657,Ingrim
658,Gardner
659,Mair
660,Halette
661,Hermina
662,Kinsley
663,Murry
664,Bobette
665,Rea
666,Lucille
667,Alexine
668,Dicky
669,Nolan
670,Wolfgang
671,Boony
672,Diarmid
673,Donal
674,Gregoor
675,Jaclyn
676,Giusto
677,Merilyn
678,Eolande
679,Emanuel
680,Jonis
681,Rollie
682,Branden
683,Son
684,Barret
685,Cairistiona
686,Curtis
687,Lanny
688,Carly
689,Dyann
690,Shalne
691,Tessie
692,Dacy
693,Tana
694,Fidole
695,Riobard
696,Buck
697,Donia
698,Eric
699,Taite
700,Billie
701,Beck
702,Moss
703,Sidonia
704,Haroun
705,Mill
706,Eve
707,Siegfried
708,Orbadiah
709,Eudora
710,Charmine
711,Olav
712,Tate
713,Eliot
714,Agnesse
715,Channa
716,Jami
717,Walden
718,Quintin
719,Kathlin
720,Raffaello
721,Ardelis
722,Brok
723,Rivy
724,Clair
725,Ashlee
726,Dionisio
727,Art
728,Jo-anne
729,Germayne
730,Arlina
731,Ian
732,Ber
733,Roobbie
734,Lindie
735,Beryl
736,Gui
737,Genni
738,Mervin
739,Sarene
740,Nichol
741,Delbert
742,Licha
743,Katinka
744,Vanya
745,Leonanie
746,Rena
747,Sada
748,Sean
749,Nanine
750,Nev
751,Annetta
752,Roxi
753,Budd
754,Rowen
755,Farrel
756,Tish
757,Luca
758,Donal
759,Alexis
760,Clayson
761,Wainwright
762,Misty
763,Maudie
764,Kelwin
765,Aymer
766,Heath
767,Humfried
768,Maurizio
769,Jyoti
770,Stanislas
771,Ervin
772,Perle
773,Avigdor
774,Colby
775,Jeffrey
776,Sharai
777,Gerty
778,Winslow
779,Maje
780,Brandise
781,Aleda
782,Zebadiah
783,Honey
784,Ernesto
785,Ephrayim
786,Scarlet
787,Ajay
788,Minerva
789,Karen
790,Gerrard
791,Dyann
792,Francene
793,Candice
794,Park
795,Catlaina
796,Bernadine
797,Rosa
798,Katerina
799,Ailene
800,Jennette
801,Kurt
802,Torey
803,Emmery
804,Elinor
805,Orran
806,Merwyn
807,Clem
808,Gray
809,Petr
810,Ron
811,Gayel
812,Merrili
813,Carmon
814,Frasco
815,Dolly
816,Fenelia
817,Mickey
818,Valerie
819,Alvin
820,Bonnibelle
821,Leshia
822,Drucie
823,Lyell
824,Clementina
825,Alyss
826,Urbain
827,Lev
828,Trescha
829,Demetris
830,Mara
831,Mateo
832,Tabor
833,Gloriana
834,Chancey
835,Clerkclaude
836,Lulu
837,Marlena
838,Winnie
839,Hector
840,Hakim
841,Francois
842,Tedd
843,Joyan
844,Layne
845,Duane
846,Charlotte
847,Carmelita
848,Brocky
849,Silvana
850,Fredrika
851,Theda
852,Langsdon
853,Hubey
854,Gilberte
855,Davin
856,Jethro
857,Salaidh
858,Madge
859,Piotr
860,Saba
861,Alphard
862,Cristobal
863,Sandra
864,Ade
865,Jeanine
866,Engelbert
867,Kiley
868,Wilton
869,Forrester
870,Karlyn
871,Renelle
872,Den
873,Kennan
874,Phedra
875,Dorothee
876,Evelin
877,Carlotta
878,Derril
879,Kissiah
880,Luigi
881,Calhoun
882,Gwendolen
883,Olivie
884,Lyn
885,Dorice
886,Quintana
887,Quintina
888,Judy
889,Christabella
890,Jacinda
891,Mirelle
892,Christiano
893,Hedi
894,Ulrica
895,Fern
896,Carley
897,Selia
898,Christophe
899,Roxy
900,Shanon
901,Valentina
902,Kippie
903,Evonne
904,Allx
905,Gwyn
906,Arnie
907,Gaynor
908,Lowell
909,Kristin
910,Bren
911,Cyrill
912,Lion
913,Suzann
914,Andros
915,Aguistin
916,Timofei
917,Debee
918,Carlene
919,Iona
920,Shaine
921,Lynn
922,Emmit
923,Eal
924,Beck
925,Corine
926,Walton
927,Ketty
928,Alick
929,Alfred
930,Kayley
931,Nicol
932,Olimpia
933,Byrann
934,Elmore
935,Vallie
936,Jo
937,Franciska
938,Nikolaus
939,Delcina
940,Jeno
941,Ina
942,Pierre
943,Gusti
944,Cele
945,Ancell
946,Jodee
947,Robinia
948,Nelle
949,Trent
950,Evelyn
951,Jolyn
952,Nikolai
953,Daphna
954,Torey
955,Ambrosi
956,Gabriela
957,Melloney
958,Keenan
959,Murdock
960,Jarrid
961,Zeke
962,Susana
963,Eduard
964,Briano
965,Tallou
966,Cesya
967,Hashim
968,Jessica
969,Cobb
970,Bert
971,Wilhelm
972,Mattie
973,Merwyn
974,Ned
975,Colver
976,Hewett
977,Tamara
978,Gwenora
979,Heddie
980,Tildi
981,Margy
982,Obed
983,Steffi
984,Shea
985,Barbaraanne
986,Joey
987,Coretta
988,Stephenie
989,Tawsha
990,Julieta
991,Joceline
992,Parrnell
993,Mellisa
994,Cherye
995,Avrom
996,Kate
997,Hildagarde
998,Helli
999,Melody
1000,Raquel
